[
    {
        "id": 1,
        "subject": " 【邀请函】诚邀您2023年3月2日相聚上海，玄铁RISC-V生态大会-含餐和伴手礼",
        "from": "34b7d@dab71",
        "to": "76fdd@db5d0",
        "content": "<html><table align=\"center\" border=\"0\" cellpadding=\"1\" cellspacing=\"1\" style=\"width:1000px;\">\n\t<tbody>\n\t\t<tr>\n\t\t\t<td colspan=\"5\"><a href=\"https://occ.t-head.cn/riscv2023?id=4143449006120439808&amp;channel=24\"><img alt=\"\" src=\"https://count.eetrain.com.cn/template/ajax_get_network_attach/?id=986893&amp;ufile_name=44cd1010-a926-11ed-8cce-005056967c31-24023.png&amp;aid=1\" style=\"width: 1000px; height: 231px;\" /></a><br />\n\t\t\t<br />\n\t\t\t<span style=\"font-size:18px;\"><span style=\"font-family:Microsoft YaHei;\"><strong>报名链接：<a href=\"https://occ.t-head.cn/riscv2023?id=4143449006120439808&amp;channel=24\">https://occ.t-head.cn/riscv2023?id=4143449006120439808&amp;channel=24</a></strong></span></span><br />\n\t\t\t&nbsp;</td>\n\t\t</tr>\n\t\t<tr>\n\t\t\t<td colspan=\"5\" style=\"background-color: rgb(255, 255, 255); height: 40px;\"><strong><span style=\"color:#8e44ad;\"><span style=\"font-size:20px;\"><span style=\"font-family:Microsoft YaHei;\">大会简介</span></span></span></strong></td>\n\t\t</tr>\n\t\t<tr>\n\t\t\t<td colspan=\"5\"><span style=\"font-size:16px;\"><span style=\"font-family:Microsoft YaHei;\">&nbsp; &nbsp; &nbsp;3月2日，由平头哥主办的&ldquo;2023玄铁RISC-V生态大会&rdquo;将在上海举行。本次大会以&ldquo;开放&middot;连接&rdquo;为主题，将全面展示RISC-V生态最新进展及在各行业的商业化成功案例，发布RISC-V技术及应用的最新成果，探讨RISC-V生态发展新方向。 成立5年来，平头哥持续推动RISC-V技术、应用和生态的发展，不断挖掘RISC-V产业化潜能，并以玄铁为中心初步构建起一个开放的、活跃的RISC-V生态网络。首届玄铁RISC-V生态大会将邀请产业专家、生态合作伙伴、知名学者及行业媒体参会，并为开发者提供现场互动体验及线上直播平台，打造RISC-V生态领域最具影响力的大会之一。</span></span><br />\n\t\t\t&nbsp;</td>\n\t\t</tr>\n\t\t<tr>\n\t\t\t<td colspan=\"5\" style=\"background-color:#ffffff;height:40px;\"><strong><span style=\"color:#8e44ad;\"><span style=\"font-size:20px;\"><span style=\"font-family:Microsoft YaHei;\">大会亮点</span></span></span></strong></td>\n\t\t</tr>\n\t\t<tr>\n\t\t\t<td colspan=\"5\"><span style=\"font-family:Microsoft YaHei;\"><span style=\"font-size:16px;\">1、玄铁RISC-V产业生态新趋势<br />\n\t\t\t2、合作伙伴重磅技术成果<br />\n\t\t\t3、RISC-V大社区开发者现场体验</span></span></td>\n\t\t</tr>\n\t\t<tr>\n\t\t\t<td colspan=\"5\" style=\"background-color:#ffffff;height:40px;\"><span style=\"color:#8e44ad;\"><strong><span style=\"font-size:20px;\"><span style=\"font-family:Microsoft YaHei;\"><font face=\"Microsoft YaHei\">时间</font></span></span></strong></span></td>\n\t\t</tr>\n\t\t<tr>\n\t\t\t<td colspan=\"5\">&nbsp;<span style=\"font-size:18px;\"><font color=\"#3498db\" face=\"Microsoft YaHei\"><b>2023年3月2日&nbsp; &nbsp;9:00-17:00</b></font></span></td>\n\t\t</tr>\n\t\t<tr>\n\t\t\t<td colspan=\"5\" style=\"background-color:#ffffff;height:40px;\"><span style=\"color:#8e44ad;\"><strong><span style=\"font-size:20px;\"><span style=\"font-family:Microsoft YaHei;\"><font face=\"Microsoft YaHei\">地点</font></span></span></strong></span></td>\n\t\t</tr>\n\t\t<tr>\n\t\t\t<td colspan=\"5\" style=\"background-color: rgb(255, 255, 255); height: 40px;\"><span style=\"font-size:16px;\"><span style=\"font-family:Microsoft YaHei;\">上海虹桥新华联索菲特大酒店1层华宫大宴会厅（</span>上海市闵行区泰虹路666号<span style=\"font-family:Microsoft YaHei;\">）</span></span></td>\n\t\t</tr>\n\t\t<tr>\n\t\t\t<td colspan=\"5\" style=\"background-color:#ffffff;height:40px;\"><span style=\"color:#8e44ad;\"><strong><span style=\"font-size:20px;\"><span style=\"font-family:Microsoft YaHei;\">报名地址</span></span></strong></span></td>\n\t\t</tr>\n\t\t<tr>\n\t\t\t<td colspan=\"5\" style=\"width: 10px;\"><span style=\"font-size:20px;\"><span style=\"font-family:Microsoft YaHei;\"><strong><span style=\"color:#3498db;\"><a href=\"https://occ.t-head.cn/riscv2023?id=4143449006120439808&amp;channel=24\">https://occ.t-head.cn/riscv2023?id=4143449006120439808&amp;channel=24</a><br />\n\t\t\t<br />\n\t\t\t或扫码报名<br />\n\t\t\t&nbsp; <img alt=\"\" src=\"https://count.eetrain.com.cn/template/ajax_get_network_attach/?id=986893&amp;ufile_name=5b7f9b90-a929-11ed-9b30-005056967c31-49191.png&amp;aid=1\" style=\"width: 200px; height: 200px;\" /></span></strong></span></span><br />\n\t\t\t&nbsp; &nbsp; &nbsp; &nbsp; &nbsp; &nbsp; &nbsp; &nbsp; &nbsp; &nbsp; &nbsp; &nbsp; &nbsp; &nbsp; &nbsp; &nbsp; &nbsp; &nbsp; &nbsp; &nbsp; &nbsp; &nbsp; &nbsp; &nbsp; &nbsp; &nbsp; &nbsp; &nbsp;&nbsp;</td>\n\t\t</tr>\n\t\t<tr>\n\t\t\t<td colspan=\"5\" style=\"background-color:#ffffff;height:40px;\"><span style=\"color:#8e44ad;\"><strong><span style=\"font-size:20px;\"><span style=\"font-family:Microsoft YaHei;\">联系我们</span></span></strong></span></td>\n\t\t</tr>\n\t\t<tr>\n\t\t\t<td colspan=\"5\">&nbsp;\n\t\t\t<ul>\n\t\t\t\t<li><span style=\"font-family:Microsoft YaHei;\"><span style=\"font-size:16px;\">联系人：王老师&nbsp; 13911717489（微信同）</span></span></li>\n\t\t\t\t<li><span style=\"font-family:Microsoft YaHei;\"><span style=\"font-size:16px;\">&nbsp; &nbsp; &nbsp; &nbsp; &nbsp; &nbsp; &nbsp; 曹老师&nbsp; 18612565846（微信同）</span></span></li>\n\t\t\t</ul>\n\t\t\t<br />\n\t\t\t&nbsp;</td>\n\t\t</tr>\n\t\t<tr>\n\t\t\t<td colspan=\"5\">&nbsp;</td>\n\t\t</tr>\n\t</tbody>\n</table></html>",
        "rules_adapted": [
            "邮件收发方为可疑IP地址（1.5分）",
            "邮件收发方为可疑域名（1分）",
            "邮件收发方存在可疑关系（1分）",
            "邮件收发方关系不明确（1分）",
            "邮件内存在危险链接（1分）"
        ],
        "related_info": [
            {
                "ip": "123.1.2.3",
                "domain_name": "unknown",
                "tls": {
                    "subject_org":"",
                    "subject_cn":"",
                    "issuer_org":"",
                    "issuer_cn":""
                },
                "lacation": [
                    231.23,
                    80.81
                ],
                "AS": "AS12345",
                "whois": {
                    "registrar": "",
                    "emails": [
                        "abusecomplaints@markmonitor.com",
                        "whoisrequest@markmonitor.com"
                    ],
                    "org":"GitHub, Inc.",
                    "address": null,
                    "city": null,
                    "state": "CA",
                    "country": "US"
                }
            }
        ]
    }
]